"REF_DATE","GEO","DGUID","Statistical Area Classification (SAC)","Population and dwelling counts (3)","UOM","UOM_ID","SCALAR_FACTOR","SCALAR_ID","VECTOR","COORDINATE","VALUE","STATUS","SYMBOL","TERMINATED","DECIMALS"
"2021","Canada","2021A000011124","All census subdivisions","Population, 2021","","0","units","0","","1.1.1","36991981","","","","0"
"2021","Canada","2021A000011124","All census subdivisions","Total private dwellings, 2021","","0","units","0","","1.1.2","16284235","","","","0"
"2021","Canada","2021A000011124","All census subdivisions","Private dwellings occupied by usual residents, 2021","","0","units","0","","1.1.3","14978941","","","","0"
"2021","Canada","2021A000011124","Within CMAs","Population, 2021","","0","units","0","","1.2.1","27281119","","","","0"
"2021","Canada","2021A000011124","Within CMAs","Total private dwellings, 2021","","0","units","0","","1.2.2","11499050","","","","0"
"2021","Canada","2021A000011124","Within CMAs","Private dwellings occupied by usual residents, 2021","","0","units","0","","1.2.3","10874816","","","","0"
"2021","Canada","2021A000011124","Within CAs","Population, 2021","","0","units","0","","1.3.1","3753167","","","","0"
"2021","Canada","2021A000011124","Within CAs","Total private dwellings, 2021","","0","units","0","","1.3.2","1749477","","","","0"
"2021","Canada","2021A000011124","Within CAs","Private dwellings occupied by usual residents, 2021","","0","units","0","","1.3.3","1618157","","","","0"
"2021","Canada","2021A000011124","Within tracted CAs","Population, 2021","","0","units","0","","1.4.1","700716","","","","0"
"2021","Canada","2021A000011124","Within tracted CAs","Total private dwellings, 2021","","0","units","0","","1.4.2","320950","","","","0"
"2021","Canada","2021A000011124","Within tracted CAs","Private dwellings occupied by usual residents, 2021","","0","units","0","","1.4.3","297390","","","","0"
"2021","Canada","2021A000011124","Within non-tracted CAs","Population, 2021","","0","units","0","","1.5.1","3052451","","","","0"
"2021","Canada","2021A000011124","Within non-tracted CAs","Total private dwellings, 2021","","0","units","0","","1.5.2","1428527","","","","0"
"2021","Canada","2021A000011124","Within non-tracted CAs","Private dwellings occupied by usual residents, 2021","","0","units","0","","1.5.3","1320767","","","","0"
"2021","Canada","2021A000011124","Outside CMAs/CAs","Population, 2021","","0","units","0","","1.6.1","5957695","","","","0"
"2021","Canada","2021A000011124","Outside CMAs/CAs","Total private dwellings, 2021","","0","units","0","","1.6.2","3035708","","","","0"
"2021","Canada","2021A000011124","Outside CMAs/CAs","Private dwellings occupied by usual residents, 2021","","0","units","0","","1.6.3","2485968","","","","0"
"2021","Canada","2021A000011124","Strongly influenced","Population, 2021","","0","units","0","","1.7.1","2019615","","","","0"
"2021","Canada","2021A000011124","Strongly influenced","Total private dwellings, 2021","","0","units","0","","1.7.2","976016","","","","0"
"2021","Canada","2021A000011124","Strongly influenced","Private dwellings occupied by usual residents, 2021","","0","units","0","","1.7.3","828079","","","","0"
"2021","Canada","2021A000011124","Moderately influenced","Population, 2021","","0","units","0","","1.8.1","2240520","","","","0"
"2021","Canada","2021A000011124","Moderately influenced","Total private dwellings, 2021","","0","units","0","","1.8.2","1234341","","","","0"
"2021","Canada","2021A000011124","Moderately influenced","Private dwellings occupied by usual residents, 2021","","0","units","0","","1.8.3","969677","","","","0"
"2021","Canada","2021A000011124","Weakly influenced","Population, 2021","","0","units","0","","1.9.1","1417959","","","","0"
"2021","Canada","2021A000011124","Weakly influenced","Total private dwellings, 2021","","0","units","0","","1.9.2","689042","","","","0"
"2021","Canada","2021A000011124","Weakly influenced","Private dwellings occupied by usual residents, 2021","","0","units","0","","1.9.3","587745","","","","0"
"2021","Canada","2021A000011124","Not influenced","Population, 2021","","0","units","0","","1.10.1","213694","","","","0"
"2021","Canada","2021A000011124","Not influenced","Total private dwellings, 2021","","0","units","0","","1.10.2","109472","","","","0"
"2021","Canada","2021A000011124","Not influenced","Private dwellings occupied by usual residents, 2021","","0","units","0","","1.10.3","78858","","","","0"
"2021","Canada","2021A000011124","Territories","Population, 2021","","0","units","0","","1.11.1","65907","","","","0"
"2021","Canada","2021A000011124","Territories","Total private dwellings, 2021","","0","units","0","","1.11.2","26837","","","","0"
"2021","Canada","2021A000011124","Territories","Private dwellings occupied by usual residents, 2021","","0","units","0","","1.11.3","21609","","","","0"
"2021","Newfoundland and Labrador","2021A000210","All census subdivisions","Population, 2021","","0","units","0","","2.1.1","510550","","","","0"
"2021","Newfoundland and Labrador","2021A000210","All census subdivisions","Total private dwellings, 2021","","0","units","0","","2.1.2","269184","","","","0"
"2021","Newfoundland and Labrador","2021A000210","All census subdivisions","Private dwellings occupied by usual residents, 2021","","0","units","0","","2.1.3","223253","","","","0"
"2021","Newfoundland and Labrador","2021A000210","Within CMAs","Population, 2021","","0","units","0","","2.2.1","212579","","","","0"
"2021","Newfoundland and Labrador","2021A000210","Within CMAs","Total private dwellings, 2021","","0","units","0","","2.2.2","97429","","","","0"
"2021","Newfoundland and Labrador","2021A000210","Within CMAs","Private dwellings occupied by usual residents, 2021","","0","units","0","","2.2.3","89999","","","","0"
"2021","Newfoundland and Labrador","2021A000210","Within CAs","Population, 2021","","0","units","0","","2.3.1","57029","","","","0"
"2021","Newfoundland and Labrador","2021A000210","Within CAs","Total private dwellings, 2021","","0","units","0","","2.3.2","27352","","","","0"
"2021","Newfoundland and Labrador","2021A000210","Within CAs","Private dwellings occupied by usual residents, 2021","","0","units","0","","2.3.3","25112","","","","0"
"2021","Newfoundland and Labrador","2021A000210","Within tracted CAs","Population, 2021","","0","units","0","","2.4.1","0","","","","0"
"2021","Newfoundland and Labrador","2021A000210","Within tracted CAs","Total private dwellings, 2021","","0","units","0","","2.4.2","0","","","","0"
"2021","Newfoundland and Labrador","2021A000210","Within tracted CAs","Private dwellings occupied by usual residents, 2021","","0","units","0","","2.4.3","0","","","","0"
"2021","Newfoundland and Labrador","2021A000210","Within non-tracted CAs","Population, 2021","","0","units","0","","2.5.1","57029","","","","0"
"2021","Newfoundland and Labrador","2021A000210","Within non-tracted CAs","Total private dwellings, 2021","","0","units","0","","2.5.2","27352","","","","0"
"2021","Newfoundland and Labrador","2021A000210","Within non-tracted CAs","Private dwellings occupied by usual residents, 2021","","0","units","0","","2.5.3","25112","","","","0"
"2021","Newfoundland and Labrador","2021A000210","Outside CMAs/CAs","Population, 2021","","0","units","0","","2.6.1","240942","","","","0"
"2021","Newfoundland and Labrador","2021A000210","Outside CMAs/CAs","Total private dwellings, 2021","","0","units","0","","2.6.2","144403","","","","0"
"2021","Newfoundland and Labrador","2021A000210","Outside CMAs/CAs","Private dwellings occupied by usual residents, 2021","","0","units","0","","2.6.3","108142","","","","0"
"2021","Newfoundland and Labrador","2021A000210","Strongly influenced","Population, 2021","","0","units","0","","2.7.1","26418","","","","0"
"2021","Newfoundland and Labrador","2021A000210","Strongly influenced","Total private dwellings, 2021","","0","units","0","","2.7.2","18849","","","","0"
"2021","Newfoundland and Labrador","2021A000210","Strongly influenced","Private dwellings occupied by usual residents, 2021","","0","units","0","","2.7.3","12210","","","","0"
"2021","Newfoundland and Labrador","2021A000210","Moderately influenced","Population, 2021","","0","units","0","","2.8.1","132858","","","","0"
"2021","Newfoundland and Labrador","2021A000210","Moderately influenced","Total private dwellings, 2021","","0","units","0","","2.8.2","77011","","","","0"
"2021","Newfoundland and Labrador","2021A000210","Moderately influenced","Private dwellings occupied by usual residents, 2021","","0","units","0","","2.8.3","60493","","","","0"
"2021","Newfoundland and Labrador","2021A000210","Weakly influenced","Population, 2021","","0","units","0","","2.9.1","57180","","","","0"
"2021","Newfoundland and Labrador","2021A000210","Weakly influenced","Total private dwellings, 2021","","0","units","0","","2.9.2","29168","","","","0"
"2021","Newfoundland and Labrador","2021A000210","Weakly influenced","Private dwellings occupied by usual residents, 2021","","0","units","0","","2.9.3","24594","","","","0"
"2021","Newfoundland and Labrador","2021A000210","Not influenced","Population, 2021","","0","units","0","","2.10.1","24486","","","","0"
"2021","Newfoundland and Labrador","2021A000210","Not influenced","Total private dwellings, 2021","","0","units","0","","2.10.2","19375","","","","0"
"2021","Newfoundland and Labrador","2021A000210","Not influenced","Private dwellings occupied by usual residents, 2021","","0","units","0","","2.10.3","10845","","","","0"
"2021","Newfoundland and Labrador","2021A000210","Territories","Population, 2021","","0","units","0","","2.11.1","0","","","","0"
"2021","Newfoundland and Labrador","2021A000210","Territories","Total private dwellings, 2021","","0","units","0","","2.11.2","0","","","","0"
"2021","Newfoundland and Labrador","2021A000210","Territories","Private dwellings occupied by usual residents, 2021","","0","units","0","","2.11.3","0","","","","0"
"2021","Prince Edward Island","2021A000211","All census subdivisions","Population, 2021","","0","units","0","","3.1.1","154331","","","","0"
"2021","Prince Edward Island","2021A000211","All census subdivisions","Total private dwellings, 2021","","0","units","0","","3.1.2","74934","","","","0"
"2021","Prince Edward Island","2021A000211","All census subdivisions","Private dwellings occupied by usual residents, 2021","","0","units","0","","3.1.3","64570","","","","0"
"2021","Prince Edward Island","2021A000211","Within CMAs","Population, 2021","","0","units","0","","3.2.1","0","","","","0"
"2021","Prince Edward Island","2021A000211","Within CMAs","Total private dwellings, 2021","","0","units","0","","3.2.2","0","","","","0"
"2021","Prince Edward Island","2021A000211","Within CMAs","Private dwellings occupied by usual residents, 2021","","0","units","0","","3.2.3","0","","","","0"
"2021","Prince Edward Island","2021A000211","Within CAs","Population, 2021","","0","units","0","","3.3.1","97015","","","","0"
"2021","Prince Edward Island","2021A000211","Within CAs","Total private dwellings, 2021","","0","units","0","","3.3.2","44701","","","","0"
"2021","Prince Edward Island","2021A000211","Within CAs","Private dwellings occupied by usual residents, 2021","","0","units","0","","3.3.3","40896","","","","0"
"2021","Prince Edward Island","2021A000211","Within tracted CAs","Population, 2021","","0","units","0","","3.4.1","0","","","","0"
"2021","Prince Edward Island","2021A000211","Within tracted CAs","Total private dwellings, 2021","","0","units","0","","3.4.2","0","","","","0"
"2021","Prince Edward Island","2021A000211","Within tracted CAs","Private dwellings occupied by usual residents, 2021","","0","units","0","","3.4.3","0","","","","0"
"2021","Prince Edward Island","2021A000211","Within non-tracted CAs","Population, 2021","","0","units","0","","3.5.1","97015","","","","0"
"2021","Prince Edward Island","2021A000211","Within non-tracted CAs","Total private dwellings, 2021","","0","units","0","","3.5.2","44701","","","","0"
"2021","Prince Edward Island","2021A000211","Within non-tracted CAs","Private dwellings occupied by usual residents, 2021","","0","units","0","","3.5.3","40896","","","","0"
"2021","Prince Edward Island","2021A000211","Outside CMAs/CAs","Population, 2021","","0","units","0","","3.6.1","57316","","","","0"
"2021","Prince Edward Island","2021A000211","Outside CMAs/CAs","Total private dwellings, 2021","","0","units","0","","3.6.2","30233","","","","0"
"2021","Prince Edward Island","2021A000211","Outside CMAs/CAs","Private dwellings occupied by usual residents, 2021","","0","units","0","","3.6.3","23674","","","","0"
"2021","Prince Edward Island","2021A000211","Strongly influenced","Population, 2021","","0","units","0","","3.7.1","24422","","","","0"
"2021","Prince Edward Island","2021A000211","Strongly influenced","Total private dwellings, 2021","","0","units","0","","3.7.2","13457","","","","0"
"2021","Prince Edward Island","2021A000211","Strongly influenced","Private dwellings occupied by usual residents, 2021","","0","units","0","","3.7.3","10034","","","","0"
"2021","Prince Edward Island","2021A000211","Moderately influenced","Population, 2021","","0","units","0","","3.8.1","31342","","","","0"
"2021","Prince Edward Island","2021A000211","Moderately influenced","Total private dwellings, 2021","","0","units","0","","3.8.2","16023","","","","0"
"2021","Prince Edward Island","2021A000211","Moderately influenced","Private dwellings occupied by usual residents, 2021","","0","units","0","","3.8.3","12980","","","","0"
"2021","Prince Edward Island","2021A000211","Weakly influenced","Population, 2021","","0","units","0","","3.9.1","876","","","","0"
"2021","Prince Edward Island","2021A000211","Weakly influenced","Total private dwellings, 2021","","0","units","0","","3.9.2","402","","","","0"
"2021","Prince Edward Island","2021A000211","Weakly influenced","Private dwellings occupied by usual residents, 2021","","0","units","0","","3.9.3","373","","","","0"
"2021","Prince Edward Island","2021A000211","Not influenced","Population, 2021","","0","units","0","","3.10.1","676","","","","0"
"2021","Prince Edward Island","2021A000211","Not influenced","Total private dwellings, 2021","","0","units","0","","3.10.2","351","","","","0"
"2021","Prince Edward Island","2021A000211","Not influenced","Private dwellings occupied by usual residents, 2021","","0","units","0","","3.10.3","287","","","","0"
"2021","Prince Edward Island","2021A000211","Territories","Population, 2021","","0","units","0","","3.11.1","0","","","","0"
"2021","Prince Edward Island","2021A000211","Territories","Total private dwellings, 2021","","0","units","0","","3.11.2","0","","","","0"
"2021","Prince Edward Island","2021A000211","Territories","Private dwellings occupied by usual residents, 2021","","0","units","0","","3.11.3","0","","","","0"
"2021","Nova Scotia","2021A000212","All census subdivisions","Population, 2021","","0","units","0","","4.1.1","969383","","","","0"
"2021","Nova Scotia","2021A000212","All census subdivisions","Total private dwellings, 2021","","0","units","0","","4.1.2","476007","","","","0"
"2021","Nova Scotia","2021A000212","All census subdivisions","Private dwellings occupied by usual residents, 2021","","0","units","0","","4.1.3","428228","","","","0"
"2021","Nova Scotia","2021A000212","Within CMAs","Population, 2021","","0","units","0","","4.2.1","465703","","","","0"
"2021","Nova Scotia","2021A000212","Within CMAs","Total private dwellings, 2021","","0","units","0","","4.2.2","211789","","","","0"
"2021","Nova Scotia","2021A000212","Within CMAs","Private dwellings occupied by usual residents, 2021","","0","units","0","","4.2.3","201138","","","","0"
"2021","Nova Scotia","2021A000212","Within CAs","Population, 2021","","0","units","0","","4.3.1","205801","","","","0"
"2021","Nova Scotia","2021A000212","Within CAs","Total private dwellings, 2021","","0","units","0","","4.3.2","100474","","","","0"
"2021","Nova Scotia","2021A000212","Within CAs","Private dwellings occupied by usual residents, 2021","","0","units","0","","4.3.3","91916","","","","0"
"2021","Nova Scotia","2021A000212","Within tracted CAs","Population, 2021","","0","units","0","","4.4.1","0","","","","0"
"2021","Nova Scotia","2021A000212","Within tracted CAs","Total private dwellings, 2021","","0","units","0","","4.4.2","0","","","","0"
"2021","Nova Scotia","2021A000212","Within tracted CAs","Private dwellings occupied by usual residents, 2021","","0","units","0","","4.4.3","0","","","","0"
"2021","Nova Scotia","2021A000212","Within non-tracted CAs","Population, 2021","","0","units","0","","4.5.1","205801","","","","0"
"2021","Nova Scotia","2021A000212","Within non-tracted CAs","Total private dwellings, 2021","","0","units","0","","4.5.2","100474","","","","0"
"2021","Nova Scotia","2021A000212","Within non-tracted CAs","Private dwellings occupied by usual residents, 2021","","0","units","0","","4.5.3","91916","","","","0"
"2021","Nova Scotia","2021A000212","Outside CMAs/CAs","Population, 2021","","0","units","0","","4.6.1","297879","","","","0"
"2021","Nova Scotia","2021A000212","Outside CMAs/CAs","Total private dwellings, 2021","","0","units","0","","4.6.2","163744","","","","0"
"2021","Nova Scotia","2021A000212","Outside CMAs/CAs","Private dwellings occupied by usual residents, 2021","","0","units","0","","4.6.3","135174","","","","0"
"2021","Nova Scotia","2021A000212","Strongly influenced","Population, 2021","","0","units","0","","4.7.1","27219","","","","0"
"2021","Nova Scotia","2021A000212","Strongly influenced","Total private dwellings, 2021","","0","units","0","","4.7.2","13614","","","","0"
"2021","Nova Scotia","2021A000212","Strongly influenced","Private dwellings occupied by usual residents, 2021","","0","units","0","","4.7.3","11887","","","","0"
"2021","Nova Scotia","2021A000212","Moderately influenced","Population, 2021","","0","units","0","","4.8.1","116298","","","","0"
"2021","Nova Scotia","2021A000212","Moderately influenced","Total private dwellings, 2021","","0","units","0","","4.8.2","64761","","","","0"
"2021","Nova Scotia","2021A000212","Moderately influenced","Private dwellings occupied by usual residents, 2021","","0","units","0","","4.8.3","52278","","","","0"
"2021","Nova Scotia","2021A000212","Weakly influenced","Population, 2021","","0","units","0","","4.9.1","151973","","","","0"
"2021","Nova Scotia","2021A000212","Weakly influenced","Total private dwellings, 2021","","0","units","0","","4.9.2","84024","","","","0"
"2021","Nova Scotia","2021A000212","Weakly influenced","Private dwellings occupied by usual residents, 2021","","0","units","0","","4.9.3","69832","","","","0"
"2021","Nova Scotia","2021A000212","Not influenced","Population, 2021","","0","units","0","","4.10.1","2389","","","","0"
"2021","Nova Scotia","2021A000212","Not influenced","Total private dwellings, 2021","","0","units","0","","4.10.2","1345","","","","0"
"2021","Nova Scotia","2021A000212","Not influenced","Private dwellings occupied by usual residents, 2021","","0","units","0","","4.10.3","1177","","","","0"
"2021","Nova Scotia","2021A000212","Territories","Population, 2021","","0","units","0","","4.11.1","0","","","","0"
"2021","Nova Scotia","2021A000212","Territories","Total private dwellings, 2021","","0","units","0","","4.11.2","0","","","","0"
"2021","Nova Scotia","2021A000212","Territories","Private dwellings occupied by usual residents, 2021","","0","units","0","","4.11.3","0","","","","0"
"2021","New Brunswick","2021A000213","All census subdivisions","Population, 2021","","0","units","0","","5.1.1","775610","","","","0"
"2021","New Brunswick","2021A000213","All census subdivisions","Total private dwellings, 2021","","0","units","0","","5.1.2","366146","","","","0"
"2021","New Brunswick","2021A000213","All census subdivisions","Private dwellings occupied by usual residents, 2021","","0","units","0","","5.1.3","337651","","","","0"
"2021","New Brunswick","2021A000213","Within CMAs","Population, 2021","","0","units","0","","5.2.1","396940","","","","0"
"2021","New Brunswick","2021A000213","Within CMAs","Total private dwellings, 2021","","0","units","0","","5.2.2","178493","","","","0"
"2021","New Brunswick","2021A000213","Within CMAs","Private dwellings occupied by usual residents, 2021","","0","units","0","","5.2.3","169401","","","","0"
"2021","New Brunswick","2021A000213","Within CAs","Population, 2021","","0","units","0","","5.3.1","93110","","","","0"
"2021","New Brunswick","2021A000213","Within CAs","Total private dwellings, 2021","","0","units","0","","5.3.2","45582","","","","0"
"2021","New Brunswick","2021A000213","Within CAs","Private dwellings occupied by usual residents, 2021","","0","units","0","","5.3.3","42452","","","","0"
"2021","New Brunswick","2021A000213","Within tracted CAs","Population, 2021","","0","units","0","","5.4.1","0","","","","0"
"2021","New Brunswick","2021A000213","Within tracted CAs","Total private dwellings, 2021","","0","units","0","","5.4.2","0","","","","0"
"2021","New Brunswick","2021A000213","Within tracted CAs","Private dwellings occupied by usual residents, 2021","","0","units","0","","5.4.3","0","","","","0"
"2021","New Brunswick","2021A000213","Within non-tracted CAs","Population, 2021","","0","units","0","","5.5.1","93110","","","","0"
"2021","New Brunswick","2021A000213","Within non-tracted CAs","Total private dwellings, 2021","","0","units","0","","5.5.2","45582","","","","0"
"2021","New Brunswick","2021A000213","Within non-tracted CAs","Private dwellings occupied by usual residents, 2021","","0","units","0","","5.5.3","42452","","","","0"
"2021","New Brunswick","2021A000213","Outside CMAs/CAs","Population, 2021","","0","units","0","","5.6.1","285560","","","","0"
"2021","New Brunswick","2021A000213","Outside CMAs/CAs","Total private dwellings, 2021","","0","units","0","","5.6.2","142071","","","","0"
"2021","New Brunswick","2021A000213","Outside CMAs/CAs","Private dwellings occupied by usual residents, 2021","","0","units","0","","5.6.3","125798","","","","0"
"2021","New Brunswick","2021A000213","Strongly influenced","Population, 2021","","0","units","0","","5.7.1","61119","","","","0"
"2021","New Brunswick","2021A000213","Strongly influenced","Total private dwellings, 2021","","0","units","0","","5.7.2","30802","","","","0"
"2021","New Brunswick","2021A000213","Strongly influenced","Private dwellings occupied by usual residents, 2021","","0","units","0","","5.7.3","26455","","","","0"
"2021","New Brunswick","2021A000213","Moderately influenced","Population, 2021","","0","units","0","","5.8.1","153777","","","","0"
"2021","New Brunswick","2021A000213","Moderately influenced","Total private dwellings, 2021","","0","units","0","","5.8.2","77333","","","","0"
"2021","New Brunswick","2021A000213","Moderately influenced","Private dwellings occupied by usual residents, 2021","","0","units","0","","5.8.3","68652","","","","0"
"2021","New Brunswick","2021A000213","Weakly influenced","Population, 2021","","0","units","0","","5.9.1","68360","","","","0"
"2021","New Brunswick","2021A000213","Weakly influenced","Total private dwellings, 2021","","0","units","0","","5.9.2","32706","","","","0"
"2021","New Brunswick","2021A000213","Weakly influenced","Private dwellings occupied by usual residents, 2021","","0","units","0","","5.9.3","29675","","","","0"
"2021","New Brunswick","2021A000213","Not influenced","Population, 2021","","0","units","0","","5.10.1","2304","","","","0"
"2021","New Brunswick","2021A000213","Not influenced","Total private dwellings, 2021","","0","units","0","","5.10.2","1230","","","","0"
"2021","New Brunswick","2021A000213","Not influenced","Private dwellings occupied by usual residents, 2021","","0","units","0","","5.10.3","1016","","","","0"
"2021","New Brunswick","2021A000213","Territories","Population, 2021","","0","units","0","","5.11.1","0","","","","0"
"2021","New Brunswick","2021A000213","Territories","Total private dwellings, 2021","","0","units","0","","5.11.2","0","","","","0"
"2021","New Brunswick","2021A000213","Territories","Private dwellings occupied by usual residents, 2021","","0","units","0","","5.11.3","0","","","","0"
"2021","Quebec","2021A000224","All census subdivisions","Population, 2021","","0","units","0","","6.1.1","8501833","","","","0"
"2021","Quebec","2021A000224","All census subdivisions","Total private dwellings, 2021","","0","units","0","","6.1.2","4050164","","","","0"
"2021","Quebec","2021A000224","All census subdivisions","Private dwellings occupied by usual residents, 2021","","0","units","0","","6.1.3","3749035","","","","0"
"2021","Quebec","2021A000224","Within CMAs","Population, 2021","","0","units","0","","6.2.1","6136400","","","","0"
"2021","Quebec","2021A000224","Within CMAs","Total private dwellings, 2021","","0","units","0","","6.2.2","2825276","","","","0"
"2021","Quebec","2021A000224","Within CMAs","Private dwellings occupied by usual residents, 2021","","0","units","0","","6.2.3","2676585","","","","0"
"2021","Quebec","2021A000224","Within CAs","Population, 2021","","0","units","0","","6.3.1","817111","","","","0"
"2021","Quebec","2021A000224","Within CAs","Total private dwellings, 2021","","0","units","0","","6.3.2","405022","","","","0"
"2021","Quebec","2021A000224","Within CAs","Private dwellings occupied by usual residents, 2021","","0","units","0","","6.3.3","379455","","","","0"
"2021","Quebec","2021A000224","Within tracted CAs","Population, 2021","","0","units","0","","6.4.1","150813","","","","0"
"2021","Quebec","2021A000224","Within tracted CAs","Total private dwellings, 2021","","0","units","0","","6.4.2","72575","","","","0"
"2021","Quebec","2021A000224","Within tracted CAs","Private dwellings occupied by usual residents, 2021","","0","units","0","","6.4.3","69057","","","","0"
"2021","Quebec","2021A000224","Within non-tracted CAs","Population, 2021","","0","units","0","","6.5.1","666298","","","","0"
"2021","Quebec","2021A000224","Within non-tracted CAs","Total private dwellings, 2021","","0","units","0","","6.5.2","332447","","","","0"
"2021","Quebec","2021A000224","Within non-tracted CAs","Private dwellings occupied by usual residents, 2021","","0","units","0","","6.5.3","310398","","","","0"
"2021","Quebec","2021A000224","Outside CMAs/CAs","Population, 2021","","0","units","0","","6.6.1","1548322","","","","0"
"2021","Quebec","2021A000224","Outside CMAs/CAs","Total private dwellings, 2021","","0","units","0","","6.6.2","819866","","","","0"
"2021","Quebec","2021A000224","Outside CMAs/CAs","Private dwellings occupied by usual residents, 2021","","0","units","0","","6.6.3","692995","","","","0"
"2021","Quebec","2021A000224","Strongly influenced","Population, 2021","","0","units","0","","6.7.1","702134","","","","0"
"2021","Quebec","2021A000224","Strongly influenced","Total private dwellings, 2021","","0","units","0","","6.7.2","360417","","","","0"
"2021","Quebec","2021A000224","Strongly influenced","Private dwellings occupied by usual residents, 2021","","0","units","0","","6.7.3","308811","","","","0"
"2021","Quebec","2021A000224","Moderately influenced","Population, 2021","","0","units","0","","6.8.1","606752","","","","0"
"2021","Quebec","2021A000224","Moderately influenced","Total private dwellings, 2021","","0","units","0","","6.8.2","337718","","","","0"
"2021","Quebec","2021A000224","Moderately influenced","Private dwellings occupied by usual residents, 2021","","0","units","0","","6.8.3","280048","","","","0"
"2021","Quebec","2021A000224","Weakly influenced","Population, 2021","","0","units","0","","6.9.1","210256","","","","0"
"2021","Quebec","2021A000224","Weakly influenced","Total private dwellings, 2021","","0","units","0","","6.9.2","105739","","","","0"
"2021","Quebec","2021A000224","Weakly influenced","Private dwellings occupied by usual residents, 2021","","0","units","0","","6.9.3","92814","","","","0"
"2021","Quebec","2021A000224","Not influenced","Population, 2021","","0","units","0","","6.10.1","29180","","","","0"
"2021","Quebec","2021A000224","Not influenced","Total private dwellings, 2021","","0","units","0","","6.10.2","15992","","","","0"
"2021","Quebec","2021A000224","Not influenced","Private dwellings occupied by usual residents, 2021","","0","units","0","","6.10.3","11322","","","","0"
"2021","Quebec","2021A000224","Territories","Population, 2021","","0","units","0","","6.11.1","0","","","","0"
"2021","Quebec","2021A000224","Territories","Total private dwellings, 2021","","0","units","0","","6.11.2","0","","","","0"
"2021","Quebec","2021A000224","Territories","Private dwellings occupied by usual residents, 2021","","0","units","0","","6.11.3","0","","","","0"
"2021","Ontario","2021A000235","All census subdivisions","Population, 2021","","0","units","0","","7.1.1","14223942","","","","0"
"2021","Ontario","2021A000235","All census subdivisions","Total private dwellings, 2021","","0","units","0","","7.1.2","5929250","","","","0"
"2021","Ontario","2021A000235","All census subdivisions","Private dwellings occupied by usual residents, 2021","","0","units","0","","7.1.3","5491201","","","","0"
"2021","Ontario","2021A000235","Within CMAs","Population, 2021","","0","units","0","","7.2.1","11742189","","","","0"
"2021","Ontario","2021A000235","Within CMAs","Total private dwellings, 2021","","0","units","0","","7.2.2","4704411","","","","0"
"2021","Ontario","2021A000235","Within CMAs","Private dwellings occupied by usual residents, 2021","","0","units","0","","7.2.3","4458075","","","","0"
"2021","Ontario","2021A000235","Within CAs","Population, 2021","","0","units","0","","7.3.1","1057651","","","","0"
"2021","Ontario","2021A000235","Within CAs","Total private dwellings, 2021","","0","units","0","","7.3.2","489612","","","","0"
"2021","Ontario","2021A000235","Within CAs","Private dwellings occupied by usual residents, 2021","","0","units","0","","7.3.3","452549","","","","0"
"2021","Ontario","2021A000235","Within tracted CAs","Population, 2021","","0","units","0","","7.4.1","246059","","","","0"
"2021","Ontario","2021A000235","Within tracted CAs","Total private dwellings, 2021","","0","units","0","","7.4.2","116360","","","","0"
"2021","Ontario","2021A000235","Within tracted CAs","Private dwellings occupied by usual residents, 2021","","0","units","0","","7.4.3","108179","","","","0"
"2021","Ontario","2021A000235","Within non-tracted CAs","Population, 2021","","0","units","0","","7.5.1","811592","","","","0"
"2021","Ontario","2021A000235","Within non-tracted CAs","Total private dwellings, 2021","","0","units","0","","7.5.2","373252","","","","0"
"2021","Ontario","2021A000235","Within non-tracted CAs","Private dwellings occupied by usual residents, 2021","","0","units","0","","7.5.3","344370","","","","0"
"2021","Ontario","2021A000235","Outside CMAs/CAs","Population, 2021","","0","units","0","","7.6.1","1424102","","","","0"
"2021","Ontario","2021A000235","Outside CMAs/CAs","Total private dwellings, 2021","","0","units","0","","7.6.2","735227","","","","0"
"2021","Ontario","2021A000235","Outside CMAs/CAs","Private dwellings occupied by usual residents, 2021","","0","units","0","","7.6.3","580577","","","","0"
"2021","Ontario","2021A000235","Strongly influenced","Population, 2021","","0","units","0","","7.7.1","728549","","","","0"
"2021","Ontario","2021A000235","Strongly influenced","Total private dwellings, 2021","","0","units","0","","7.7.2","334403","","","","0"
"2021","Ontario","2021A000235","Strongly influenced","Private dwellings occupied by usual residents, 2021","","0","units","0","","7.7.3","285655","","","","0"
"2021","Ontario","2021A000235","Moderately influenced","Population, 2021","","0","units","0","","7.8.1","459950","","","","0"
"2021","Ontario","2021A000235","Moderately influenced","Total private dwellings, 2021","","0","units","0","","7.8.2","283080","","","","0"
"2021","Ontario","2021A000235","Moderately influenced","Private dwellings occupied by usual residents, 2021","","0","units","0","","7.8.3","197385","","","","0"
"2021","Ontario","2021A000235","Weakly influenced","Population, 2021","","0","units","0","","7.9.1","213947","","","","0"
"2021","Ontario","2021A000235","Weakly influenced","Total private dwellings, 2021","","0","units","0","","7.9.2","108689","","","","0"
"2021","Ontario","2021A000235","Weakly influenced","Private dwellings occupied by usual residents, 2021","","0","units","0","","7.9.3","90573","","","","0"
"2021","Ontario","2021A000235","Not influenced","Population, 2021","","0","units","0","","7.10.1","21656","","","","0"
"2021","Ontario","2021A000235","Not influenced","Total private dwellings, 2021","","0","units","0","","7.10.2","9055","","","","0"
"2021","Ontario","2021A000235","Not influenced","Private dwellings occupied by usual residents, 2021","","0","units","0","","7.10.3","6964","","","","0"
"2021","Ontario","2021A000235","Territories","Population, 2021","","0","units","0","","7.11.1","0","","","","0"
"2021","Ontario","2021A000235","Territories","Total private dwellings, 2021","","0","units","0","","7.11.2","0","","","","0"
"2021","Ontario","2021A000235","Territories","Private dwellings occupied by usual residents, 2021","","0","units","0","","7.11.3","0","","","","0"
"2021","Manitoba","2021A000246","All census subdivisions","Population, 2021","","0","units","0","","8.1.1","1342153","","","","0"
"2021","Manitoba","2021A000246","All census subdivisions","Total private dwellings, 2021","","0","units","0","","8.1.2","571528","","","","0"
"2021","Manitoba","2021A000246","All census subdivisions","Private dwellings occupied by usual residents, 2021","","0","units","0","","8.1.3","518054","","","","0"
"2021","Manitoba","2021A000246","Within CMAs","Population, 2021","","0","units","0","","8.2.1","834678","","","","0"
"2021","Manitoba","2021A000246","Within CMAs","Total private dwellings, 2021","","0","units","0","","8.2.2","347144","","","","0"
"2021","Manitoba","2021A000246","Within CMAs","Private dwellings occupied by usual residents, 2021","","0","units","0","","8.2.3","330326","","","","0"
"2021","Manitoba","2021A000246","Within CAs","Population, 2021","","0","units","0","","8.3.1","131034","","","","0"
"2021","Manitoba","2021A000246","Within CAs","Total private dwellings, 2021","","0","units","0","","8.3.2","54072","","","","0"
"2021","Manitoba","2021A000246","Within CAs","Private dwellings occupied by usual residents, 2021","","0","units","0","","8.3.3","50802","","","","0"
"2021","Manitoba","2021A000246","Within tracted CAs","Population, 2021","","0","units","0","","8.4.1","0","","","","0"
"2021","Manitoba","2021A000246","Within tracted CAs","Total private dwellings, 2021","","0","units","0","","8.4.2","0","","","","0"
"2021","Manitoba","2021A000246","Within tracted CAs","Private dwellings occupied by usual residents, 2021","","0","units","0","","8.4.3","0","","","","0"
"2021","Manitoba","2021A000246","Within non-tracted CAs","Population, 2021","","0","units","0","","8.5.1","131034","","","","0"
"2021","Manitoba","2021A000246","Within non-tracted CAs","Total private dwellings, 2021","","0","units","0","","8.5.2","54072","","","","0"
"2021","Manitoba","2021A000246","Within non-tracted CAs","Private dwellings occupied by usual residents, 2021","","0","units","0","","8.5.3","50802","","","","0"
"2021","Manitoba","2021A000246","Outside CMAs/CAs","Population, 2021","","0","units","0","","8.6.1","376441","","","","0"
"2021","Manitoba","2021A000246","Outside CMAs/CAs","Total private dwellings, 2021","","0","units","0","","8.6.2","170312","","","","0"
"2021","Manitoba","2021A000246","Outside CMAs/CAs","Private dwellings occupied by usual residents, 2021","","0","units","0","","8.6.3","136926","","","","0"
"2021","Manitoba","2021A000246","Strongly influenced","Population, 2021","","0","units","0","","8.7.1","96554","","","","0"
"2021","Manitoba","2021A000246","Strongly influenced","Total private dwellings, 2021","","0","units","0","","8.7.2","41222","","","","0"
"2021","Manitoba","2021A000246","Strongly influenced","Private dwellings occupied by usual residents, 2021","","0","units","0","","8.7.3","33915","","","","0"
"2021","Manitoba","2021A000246","Moderately influenced","Population, 2021","","0","units","0","","8.8.1","108830","","","","0"
"2021","Manitoba","2021A000246","Moderately influenced","Total private dwellings, 2021","","0","units","0","","8.8.2","57142","","","","0"
"2021","Manitoba","2021A000246","Moderately influenced","Private dwellings occupied by usual residents, 2021","","0","units","0","","8.8.3","42504","","","","0"
"2021","Manitoba","2021A000246","Weakly influenced","Population, 2021","","0","units","0","","8.9.1","138839","","","","0"
"2021","Manitoba","2021A000246","Weakly influenced","Total private dwellings, 2021","","0","units","0","","8.9.2","60612","","","","0"
"2021","Manitoba","2021A000246","Weakly influenced","Private dwellings occupied by usual residents, 2021","","0","units","0","","8.9.3","51566","","","","0"
"2021","Manitoba","2021A000246","Not influenced","Population, 2021","","0","units","0","","8.10.1","32218","","","","0"
"2021","Manitoba","2021A000246","Not influenced","Total private dwellings, 2021","","0","units","0","","8.10.2","11336","","","","0"
"2021","Manitoba","2021A000246","Not influenced","Private dwellings occupied by usual residents, 2021","","0","units","0","","8.10.3","8941","","","","0"
"2021","Manitoba","2021A000246","Territories","Population, 2021","","0","units","0","","8.11.1","0","","","","0"
"2021","Manitoba","2021A000246","Territories","Total private dwellings, 2021","","0","units","0","","8.11.2","0","","","","0"
"2021","Manitoba","2021A000246","Territories","Private dwellings occupied by usual residents, 2021","","0","units","0","","8.11.3","0","","","","0"
"2021","Saskatchewan","2021A000247","All census subdivisions","Population, 2021","","0","units","0","","9.1.1","1132505","","","","0"
"2021","Saskatchewan","2021A000247","All census subdivisions","Total private dwellings, 2021","","0","units","0","","9.1.2","513725","","","","0"
"2021","Saskatchewan","2021A000247","All census subdivisions","Private dwellings occupied by usual residents, 2021","","0","units","0","","9.1.3","449581","","","","0"
"2021","Saskatchewan","2021A000247","Within CMAs","Population, 2021","","0","units","0","","9.2.1","566697","","","","0"
"2021","Saskatchewan","2021A000247","Within CMAs","Total private dwellings, 2021","","0","units","0","","9.2.2","242840","","","","0"
"2021","Saskatchewan","2021A000247","Within CMAs","Private dwellings occupied by usual residents, 2021","","0","units","0","","9.2.3","225311","","","","0"
"2021","Saskatchewan","2021A000247","Within CAs","Population, 2021","","0","units","0","","9.3.1","180382","","","","0"
"2021","Saskatchewan","2021A000247","Within CAs","Total private dwellings, 2021","","0","units","0","","9.3.2","80466","","","","0"
"2021","Saskatchewan","2021A000247","Within CAs","Private dwellings occupied by usual residents, 2021","","0","units","0","","9.3.3","73196","","","","0"
"2021","Saskatchewan","2021A000247","Within tracted CAs","Population, 2021","","0","units","0","","9.4.1","0","","","","0"
"2021","Saskatchewan","2021A000247","Within tracted CAs","Total private dwellings, 2021","","0","units","0","","9.4.2","0","","","","0"
"2021","Saskatchewan","2021A000247","Within tracted CAs","Private dwellings occupied by usual residents, 2021","","0","units","0","","9.4.3","0","","","","0"
"2021","Saskatchewan","2021A000247","Within non-tracted CAs","Population, 2021","","0","units","0","","9.5.1","180382","","","","0"
"2021","Saskatchewan","2021A000247","Within non-tracted CAs","Total private dwellings, 2021","","0","units","0","","9.5.2","80466","","","","0"
"2021","Saskatchewan","2021A000247","Within non-tracted CAs","Private dwellings occupied by usual residents, 2021","","0","units","0","","9.5.3","73196","","","","0"
"2021","Saskatchewan","2021A000247","Outside CMAs/CAs","Population, 2021","","0","units","0","","9.6.1","385426","","","","0"
"2021","Saskatchewan","2021A000247","Outside CMAs/CAs","Total private dwellings, 2021","","0","units","0","","9.6.2","190419","","","","0"
"2021","Saskatchewan","2021A000247","Outside CMAs/CAs","Private dwellings occupied by usual residents, 2021","","0","units","0","","9.6.3","151074","","","","0"
"2021","Saskatchewan","2021A000247","Strongly influenced","Population, 2021","","0","units","0","","9.7.1","41586","","","","0"
"2021","Saskatchewan","2021A000247","Strongly influenced","Total private dwellings, 2021","","0","units","0","","9.7.2","23557","","","","0"
"2021","Saskatchewan","2021A000247","Strongly influenced","Private dwellings occupied by usual residents, 2021","","0","units","0","","9.7.3","16654","","","","0"
"2021","Saskatchewan","2021A000247","Moderately influenced","Population, 2021","","0","units","0","","9.8.1","136279","","","","0"
"2021","Saskatchewan","2021A000247","Moderately influenced","Total private dwellings, 2021","","0","units","0","","9.8.2","67811","","","","0"
"2021","Saskatchewan","2021A000247","Moderately influenced","Private dwellings occupied by usual residents, 2021","","0","units","0","","9.8.3","54222","","","","0"
"2021","Saskatchewan","2021A000247","Weakly influenced","Population, 2021","","0","units","0","","9.9.1","140701","","","","0"
"2021","Saskatchewan","2021A000247","Weakly influenced","Total private dwellings, 2021","","0","units","0","","9.9.2","65943","","","","0"
"2021","Saskatchewan","2021A000247","Weakly influenced","Private dwellings occupied by usual residents, 2021","","0","units","0","","9.9.3","54820","","","","0"
"2021","Saskatchewan","2021A000247","Not influenced","Population, 2021","","0","units","0","","9.10.1","66860","","","","0"
"2021","Saskatchewan","2021A000247","Not influenced","Total private dwellings, 2021","","0","units","0","","9.10.2","33108","","","","0"
"2021","Saskatchewan","2021A000247","Not influenced","Private dwellings occupied by usual residents, 2021","","0","units","0","","9.10.3","25378","","","","0"
"2021","Saskatchewan","2021A000247","Territories","Population, 2021","","0","units","0","","9.11.1","0","","","","0"
"2021","Saskatchewan","2021A000247","Territories","Total private dwellings, 2021","","0","units","0","","9.11.2","0","","","","0"
"2021","Saskatchewan","2021A000247","Territories","Private dwellings occupied by usual residents, 2021","","0","units","0","","9.11.3","0","","","","0"
"2021","Alberta","2021A000248","All census subdivisions","Population, 2021","","0","units","0","","10.1.1","4262635","","","","0"
"2021","Alberta","2021A000248","All census subdivisions","Total private dwellings, 2021","","0","units","0","","10.1.2","1772670","","","","0"
"2021","Alberta","2021A000248","All census subdivisions","Private dwellings occupied by usual residents, 2021","","0","units","0","","10.1.3","1633220","","","","0"
"2021","Alberta","2021A000248","Within CMAs","Population, 2021","","0","units","0","","10.2.1","3124615","","","","0"
"2021","Alberta","2021A000248","Within CMAs","Total private dwellings, 2021","","0","units","0","","10.2.2","1279206","","","","0"
"2021","Alberta","2021A000248","Within CMAs","Private dwellings occupied by usual residents, 2021","","0","units","0","","10.2.3","1201223","","","","0"
"2021","Alberta","2021A000248","Within CAs","Population, 2021","","0","units","0","","10.3.1","385351","","","","0"
"2021","Alberta","2021A000248","Within CAs","Total private dwellings, 2021","","0","units","0","","10.3.2","165882","","","","0"
"2021","Alberta","2021A000248","Within CAs","Private dwellings occupied by usual residents, 2021","","0","units","0","","10.3.3","149849","","","","0"
"2021","Alberta","2021A000248","Within tracted CAs","Population, 2021","","0","units","0","","10.4.1","214354","","","","0"
"2021","Alberta","2021A000248","Within tracted CAs","Total private dwellings, 2021","","0","units","0","","10.4.2","92808","","","","0"
"2021","Alberta","2021A000248","Within tracted CAs","Private dwellings occupied by usual residents, 2021","","0","units","0","","10.4.3","83355","","","","0"
"2021","Alberta","2021A000248","Within non-tracted CAs","Population, 2021","","0","units","0","","10.5.1","170997","","","","0"
"2021","Alberta","2021A000248","Within non-tracted CAs","Total private dwellings, 2021","","0","units","0","","10.5.2","73074","","","","0"
"2021","Alberta","2021A000248","Within non-tracted CAs","Private dwellings occupied by usual residents, 2021","","0","units","0","","10.5.3","66494","","","","0"
"2021","Alberta","2021A000248","Outside CMAs/CAs","Population, 2021","","0","units","0","","10.6.1","752669","","","","0"
"2021","Alberta","2021A000248","Outside CMAs/CAs","Total private dwellings, 2021","","0","units","0","","10.6.2","327582","","","","0"
"2021","Alberta","2021A000248","Outside CMAs/CAs","Private dwellings occupied by usual residents, 2021","","0","units","0","","10.6.3","282148","","","","0"
"2021","Alberta","2021A000248","Strongly influenced","Population, 2021","","0","units","0","","10.7.1","178390","","","","0"
"2021","Alberta","2021A000248","Strongly influenced","Total private dwellings, 2021","","0","units","0","","10.7.2","74684","","","","0"
"2021","Alberta","2021A000248","Strongly influenced","Private dwellings occupied by usual residents, 2021","","0","units","0","","10.7.3","66131","","","","0"
"2021","Alberta","2021A000248","Moderately influenced","Population, 2021","","0","units","0","","10.8.1","285930","","","","0"
"2021","Alberta","2021A000248","Moderately influenced","Total private dwellings, 2021","","0","units","0","","10.8.2","123973","","","","0"
"2021","Alberta","2021A000248","Moderately influenced","Private dwellings occupied by usual residents, 2021","","0","units","0","","10.8.3","106626","","","","0"
"2021","Alberta","2021A000248","Weakly influenced","Population, 2021","","0","units","0","","10.9.1","272731","","","","0"
"2021","Alberta","2021A000248","Weakly influenced","Total private dwellings, 2021","","0","units","0","","10.9.2","120317","","","","0"
"2021","Alberta","2021A000248","Weakly influenced","Private dwellings occupied by usual residents, 2021","","0","units","0","","10.9.3","103887","","","","0"
"2021","Alberta","2021A000248","Not influenced","Population, 2021","","0","units","0","","10.10.1","15618","","","","0"
"2021","Alberta","2021A000248","Not influenced","Total private dwellings, 2021","","0","units","0","","10.10.2","8608","","","","0"
"2021","Alberta","2021A000248","Not influenced","Private dwellings occupied by usual residents, 2021","","0","units","0","","10.10.3","5504","","","","0"
"2021","Alberta","2021A000248","Territories","Population, 2021","","0","units","0","","10.11.1","0","","","","0"
"2021","Alberta","2021A000248","Territories","Total private dwellings, 2021","","0","units","0","","10.11.2","0","","","","0"
"2021","Alberta","2021A000248","Territories","Private dwellings occupied by usual residents, 2021","","0","units","0","","10.11.3","0","","","","0"
"2021","British Columbia","2021A000259","All census subdivisions","Population, 2021","","0","units","0","","11.1.1","5000879","","","","0"
"2021","British Columbia","2021A000259","All census subdivisions","Total private dwellings, 2021","","0","units","0","","11.1.2","2211694","","","","0"
"2021","British Columbia","2021A000259","All census subdivisions","Private dwellings occupied by usual residents, 2021","","0","units","0","","11.1.3","2041834","","","","0"
"2021","British Columbia","2021A000259","Within CMAs","Population, 2021","","0","units","0","","11.2.1","3801318","","","","0"
"2021","British Columbia","2021A000259","Within CMAs","Total private dwellings, 2021","","0","units","0","","11.2.2","1612462","","","","0"
"2021","British Columbia","2021A000259","Within CMAs","Private dwellings occupied by usual residents, 2021","","0","units","0","","11.2.3","1522758","","","","0"
"2021","British Columbia","2021A000259","Within CAs","Population, 2021","","0","units","0","","11.3.1","676430","","","","0"
"2021","British Columbia","2021A000259","Within CAs","Total private dwellings, 2021","","0","units","0","","11.3.2","314218","","","","0"
"2021","British Columbia","2021A000259","Within CAs","Private dwellings occupied by usual residents, 2021","","0","units","0","","11.3.3","291225","","","","0"
"2021","British Columbia","2021A000259","Within tracted CAs","Population, 2021","","0","units","0","","11.4.1","89490","","","","0"
"2021","British Columbia","2021A000259","Within tracted CAs","Total private dwellings, 2021","","0","units","0","","11.4.2","39207","","","","0"
"2021","British Columbia","2021A000259","Within tracted CAs","Private dwellings occupied by usual residents, 2021","","0","units","0","","11.4.3","36799","","","","0"
"2021","British Columbia","2021A000259","Within non-tracted CAs","Population, 2021","","0","units","0","","11.5.1","586940","","","","0"
"2021","British Columbia","2021A000259","Within non-tracted CAs","Total private dwellings, 2021","","0","units","0","","11.5.2","275011","","","","0"
"2021","British Columbia","2021A000259","Within non-tracted CAs","Private dwellings occupied by usual residents, 2021","","0","units","0","","11.5.3","254426","","","","0"
"2021","British Columbia","2021A000259","Outside CMAs/CAs","Population, 2021","","0","units","0","","11.6.1","523131","","","","0"
"2021","British Columbia","2021A000259","Outside CMAs/CAs","Total private dwellings, 2021","","0","units","0","","11.6.2","285014","","","","0"
"2021","British Columbia","2021A000259","Outside CMAs/CAs","Private dwellings occupied by usual residents, 2021","","0","units","0","","11.6.3","227851","","","","0"
"2021","British Columbia","2021A000259","Strongly influenced","Population, 2021","","0","units","0","","11.7.1","133224","","","","0"
"2021","British Columbia","2021A000259","Strongly influenced","Total private dwellings, 2021","","0","units","0","","11.7.2","65011","","","","0"
"2021","British Columbia","2021A000259","Strongly influenced","Private dwellings occupied by usual residents, 2021","","0","units","0","","11.7.3","56327","","","","0"
"2021","British Columbia","2021A000259","Moderately influenced","Population, 2021","","0","units","0","","11.8.1","208504","","","","0"
"2021","British Columbia","2021A000259","Moderately influenced","Total private dwellings, 2021","","0","units","0","","11.8.2","129489","","","","0"
"2021","British Columbia","2021A000259","Moderately influenced","Private dwellings occupied by usual residents, 2021","","0","units","0","","11.8.3","94489","","","","0"
"2021","British Columbia","2021A000259","Weakly influenced","Population, 2021","","0","units","0","","11.9.1","163096","","","","0"
"2021","British Columbia","2021A000259","Weakly influenced","Total private dwellings, 2021","","0","units","0","","11.9.2","81442","","","","0"
"2021","British Columbia","2021A000259","Weakly influenced","Private dwellings occupied by usual residents, 2021","","0","units","0","","11.9.3","69611","","","","0"
"2021","British Columbia","2021A000259","Not influenced","Population, 2021","","0","units","0","","11.10.1","18307","","","","0"
"2021","British Columbia","2021A000259","Not influenced","Total private dwellings, 2021","","0","units","0","","11.10.2","9072","","","","0"
"2021","British Columbia","2021A000259","Not influenced","Private dwellings occupied by usual residents, 2021","","0","units","0","","11.10.3","7424","","","","0"
"2021","British Columbia","2021A000259","Territories","Population, 2021","","0","units","0","","11.11.1","0","","","","0"
"2021","British Columbia","2021A000259","Territories","Total private dwellings, 2021","","0","units","0","","11.11.2","0","","","","0"
"2021","British Columbia","2021A000259","Territories","Private dwellings occupied by usual residents, 2021","","0","units","0","","11.11.3","0","","","","0"
"2021","Yukon","2021A000260","All census subdivisions","Population, 2021","","0","units","0","","12.1.1","40232","","","","0"
"2021","Yukon","2021A000260","All census subdivisions","Total private dwellings, 2021","","0","units","0","","12.1.2","19610","","","","0"
"2021","Yukon","2021A000260","All census subdivisions","Private dwellings occupied by usual residents, 2021","","0","units","0","","12.1.3","17181","","","","0"
"2021","Yukon","2021A000260","Within CMAs","Population, 2021","","0","units","0","","12.2.1","0","","","","0"
"2021","Yukon","2021A000260","Within CMAs","Total private dwellings, 2021","","0","units","0","","12.2.2","0","","","","0"
"2021","Yukon","2021A000260","Within CMAs","Private dwellings occupied by usual residents, 2021","","0","units","0","","12.2.3","0","","","","0"
"2021","Yukon","2021A000260","Within CAs","Population, 2021","","0","units","0","","12.3.1","31913","","","","0"
"2021","Yukon","2021A000260","Within CAs","Total private dwellings, 2021","","0","units","0","","12.3.2","14121","","","","0"
"2021","Yukon","2021A000260","Within CAs","Private dwellings occupied by usual residents, 2021","","0","units","0","","12.3.3","13186","","","","0"
"2021","Yukon","2021A000260","Within tracted CAs","Population, 2021","","0","units","0","","12.4.1","0","","","","0"
"2021","Yukon","2021A000260","Within tracted CAs","Total private dwellings, 2021","","0","units","0","","12.4.2","0","","","","0"
"2021","Yukon","2021A000260","Within tracted CAs","Private dwellings occupied by usual residents, 2021","","0","units","0","","12.4.3","0","","","","0"
"2021","Yukon","2021A000260","Within non-tracted CAs","Population, 2021","","0","units","0","","12.5.1","31913","","","","0"
"2021","Yukon","2021A000260","Within non-tracted CAs","Total private dwellings, 2021","","0","units","0","","12.5.2","14121","","","","0"
"2021","Yukon","2021A000260","Within non-tracted CAs","Private dwellings occupied by usual residents, 2021","","0","units","0","","12.5.3","13186","","","","0"
"2021","Yukon","2021A000260","Outside CMAs/CAs","Population, 2021","","0","units","0","","12.6.1","8319","","","","0"
"2021","Yukon","2021A000260","Outside CMAs/CAs","Total private dwellings, 2021","","0","units","0","","12.6.2","5489","","","","0"
"2021","Yukon","2021A000260","Outside CMAs/CAs","Private dwellings occupied by usual residents, 2021","","0","units","0","","12.6.3","3995","","","","0"
"2021","Yukon","2021A000260","Strongly influenced","Population, 2021","","0","units","0","","12.7.1","0","","","","0"
"2021","Yukon","2021A000260","Strongly influenced","Total private dwellings, 2021","","0","units","0","","12.7.2","0","","","","0"
"2021","Yukon","2021A000260","Strongly influenced","Private dwellings occupied by usual residents, 2021","","0","units","0","","12.7.3","0","","","","0"
"2021","Yukon","2021A000260","Moderately influenced","Population, 2021","","0","units","0","","12.8.1","0","","","","0"
"2021","Yukon","2021A000260","Moderately influenced","Total private dwellings, 2021","","0","units","0","","12.8.2","0","","","","0"
"2021","Yukon","2021A000260","Moderately influenced","Private dwellings occupied by usual residents, 2021","","0","units","0","","12.8.3","0","","","","0"
"2021","Yukon","2021A000260","Weakly influenced","Population, 2021","","0","units","0","","12.9.1","0","","","","0"
"2021","Yukon","2021A000260","Weakly influenced","Total private dwellings, 2021","","0","units","0","","12.9.2","0","","","","0"
"2021","Yukon","2021A000260","Weakly influenced","Private dwellings occupied by usual residents, 2021","","0","units","0","","12.9.3","0","","","","0"
"2021","Yukon","2021A000260","Not influenced","Population, 2021","","0","units","0","","12.10.1","0","","","","0"
"2021","Yukon","2021A000260","Not influenced","Total private dwellings, 2021","","0","units","0","","12.10.2","0","","","","0"
"2021","Yukon","2021A000260","Not influenced","Private dwellings occupied by usual residents, 2021","","0","units","0","","12.10.3","0","","","","0"
"2021","Yukon","2021A000260","Territories","Population, 2021","","0","units","0","","12.11.1","8319","","","","0"
"2021","Yukon","2021A000260","Territories","Total private dwellings, 2021","","0","units","0","","12.11.2","5489","","","","0"
"2021","Yukon","2021A000260","Territories","Private dwellings occupied by usual residents, 2021","","0","units","0","","12.11.3","3995","","","","0"
"2021","Northwest Territories","2021A000261","All census subdivisions","Population, 2021","","0","units","0","","13.1.1","41070","","","","0"
"2021","Northwest Territories","2021A000261","All census subdivisions","Total private dwellings, 2021","","0","units","0","","13.1.2","17603","","","","0"
"2021","Northwest Territories","2021A000261","All census subdivisions","Private dwellings occupied by usual residents, 2021","","0","units","0","","13.1.3","15207","","","","0"
"2021","Northwest Territories","2021A000261","Within CMAs","Population, 2021","","0","units","0","","13.2.1","0","","","","0"
"2021","Northwest Territories","2021A000261","Within CMAs","Total private dwellings, 2021","","0","units","0","","13.2.2","0","","","","0"
"2021","Northwest Territories","2021A000261","Within CMAs","Private dwellings occupied by usual residents, 2021","","0","units","0","","13.2.3","0","","","","0"
"2021","Northwest Territories","2021A000261","Within CAs","Population, 2021","","0","units","0","","13.3.1","20340","","","","0"
"2021","Northwest Territories","2021A000261","Within CAs","Total private dwellings, 2021","","0","units","0","","13.3.2","7975","","","","0"
"2021","Northwest Territories","2021A000261","Within CAs","Private dwellings occupied by usual residents, 2021","","0","units","0","","13.3.3","7519","","","","0"
"2021","Northwest Territories","2021A000261","Within tracted CAs","Population, 2021","","0","units","0","","13.4.1","0","","","","0"
"2021","Northwest Territories","2021A000261","Within tracted CAs","Total private dwellings, 2021","","0","units","0","","13.4.2","0","","","","0"
"2021","Northwest Territories","2021A000261","Within tracted CAs","Private dwellings occupied by usual residents, 2021","","0","units","0","","13.4.3","0","","","","0"
"2021","Northwest Territories","2021A000261","Within non-tracted CAs","Population, 2021","","0","units","0","","13.5.1","20340","","","","0"
"2021","Northwest Territories","2021A000261","Within non-tracted CAs","Total private dwellings, 2021","","0","units","0","","13.5.2","7975","","","","0"
"2021","Northwest Territories","2021A000261","Within non-tracted CAs","Private dwellings occupied by usual residents, 2021","","0","units","0","","13.5.3","7519","","","","0"
"2021","Northwest Territories","2021A000261","Outside CMAs/CAs","Population, 2021","","0","units","0","","13.6.1","20730","","","","0"
"2021","Northwest Territories","2021A000261","Outside CMAs/CAs","Total private dwellings, 2021","","0","units","0","","13.6.2","9628","","","","0"
"2021","Northwest Territories","2021A000261","Outside CMAs/CAs","Private dwellings occupied by usual residents, 2021","","0","units","0","","13.6.3","7688","","","","0"
"2021","Northwest Territories","2021A000261","Strongly influenced","Population, 2021","","0","units","0","","13.7.1","0","","","","0"
"2021","Northwest Territories","2021A000261","Strongly influenced","Total private dwellings, 2021","","0","units","0","","13.7.2","0","","","","0"
"2021","Northwest Territories","2021A000261","Strongly influenced","Private dwellings occupied by usual residents, 2021","","0","units","0","","13.7.3","0","","","","0"
"2021","Northwest Territories","2021A000261","Moderately influenced","Population, 2021","","0","units","0","","13.8.1","0","","","","0"
"2021","Northwest Territories","2021A000261","Moderately influenced","Total private dwellings, 2021","","0","units","0","","13.8.2","0","","","","0"
"2021","Northwest Territories","2021A000261","Moderately influenced","Private dwellings occupied by usual residents, 2021","","0","units","0","","13.8.3","0","","","","0"
"2021","Northwest Territories","2021A000261","Weakly influenced","Population, 2021","","0","units","0","","13.9.1","0","","","","0"
"2021","Northwest Territories","2021A000261","Weakly influenced","Total private dwellings, 2021","","0","units","0","","13.9.2","0","","","","0"
"2021","Northwest Territories","2021A000261","Weakly influenced","Private dwellings occupied by usual residents, 2021","","0","units","0","","13.9.3","0","","","","0"
"2021","Northwest Territories","2021A000261","Not influenced","Population, 2021","","0","units","0","","13.10.1","0","","","","0"
"2021","Northwest Territories","2021A000261","Not influenced","Total private dwellings, 2021","","0","units","0","","13.10.2","0","","","","0"
"2021","Northwest Territories","2021A000261","Not influenced","Private dwellings occupied by usual residents, 2021","","0","units","0","","13.10.3","0","","","","0"
"2021","Northwest Territories","2021A000261","Territories","Population, 2021","","0","units","0","","13.11.1","20730","","","","0"
"2021","Northwest Territories","2021A000261","Territories","Total private dwellings, 2021","","0","units","0","","13.11.2","9628","","","","0"
"2021","Northwest Territories","2021A000261","Territories","Private dwellings occupied by usual residents, 2021","","0","units","0","","13.11.3","7688","","","","0"
"2021","Nunavut","2021A000262","All census subdivisions","Population, 2021","","0","units","0","","14.1.1","36858","","","","0"
"2021","Nunavut","2021A000262","All census subdivisions","Total private dwellings, 2021","","0","units","0","","14.1.2","11720","","","","0"
"2021","Nunavut","2021A000262","All census subdivisions","Private dwellings occupied by usual residents, 2021","","0","units","0","","14.1.3","9926","","","","0"
"2021","Nunavut","2021A000262","Within CMAs","Population, 2021","","0","units","0","","14.2.1","0","","","","0"
"2021","Nunavut","2021A000262","Within CMAs","Total private dwellings, 2021","","0","units","0","","14.2.2","0","","","","0"
"2021","Nunavut","2021A000262","Within CMAs","Private dwellings occupied by usual residents, 2021","","0","units","0","","14.2.3","0","","","","0"
"2021","Nunavut","2021A000262","Within CAs","Population, 2021","","0","units","0","","14.3.1","0","","","","0"
"2021","Nunavut","2021A000262","Within CAs","Total private dwellings, 2021","","0","units","0","","14.3.2","0","","","","0"
"2021","Nunavut","2021A000262","Within CAs","Private dwellings occupied by usual residents, 2021","","0","units","0","","14.3.3","0","","","","0"
"2021","Nunavut","2021A000262","Within tracted CAs","Population, 2021","","0","units","0","","14.4.1","0","","","","0"
"2021","Nunavut","2021A000262","Within tracted CAs","Total private dwellings, 2021","","0","units","0","","14.4.2","0","","","","0"
"2021","Nunavut","2021A000262","Within tracted CAs","Private dwellings occupied by usual residents, 2021","","0","units","0","","14.4.3","0","","","","0"
"2021","Nunavut","2021A000262","Within non-tracted CAs","Population, 2021","","0","units","0","","14.5.1","0","","","","0"
"2021","Nunavut","2021A000262","Within non-tracted CAs","Total private dwellings, 2021","","0","units","0","","14.5.2","0","","","","0"
"2021","Nunavut","2021A000262","Within non-tracted CAs","Private dwellings occupied by usual residents, 2021","","0","units","0","","14.5.3","0","","","","0"
"2021","Nunavut","2021A000262","Outside CMAs/CAs","Population, 2021","","0","units","0","","14.6.1","36858","","","","0"
"2021","Nunavut","2021A000262","Outside CMAs/CAs","Total private dwellings, 2021","","0","units","0","","14.6.2","11720","","","","0"
"2021","Nunavut","2021A000262","Outside CMAs/CAs","Private dwellings occupied by usual residents, 2021","","0","units","0","","14.6.3","9926","","","","0"
"2021","Nunavut","2021A000262","Strongly influenced","Population, 2021","","0","units","0","","14.7.1","0","","","","0"
"2021","Nunavut","2021A000262","Strongly influenced","Total private dwellings, 2021","","0","units","0","","14.7.2","0","","","","0"
"2021","Nunavut","2021A000262","Strongly influenced","Private dwellings occupied by usual residents, 2021","","0","units","0","","14.7.3","0","","","","0"
"2021","Nunavut","2021A000262","Moderately influenced","Population, 2021","","0","units","0","","14.8.1","0","","","","0"
"2021","Nunavut","2021A000262","Moderately influenced","Total private dwellings, 2021","","0","units","0","","14.8.2","0","","","","0"
"2021","Nunavut","2021A000262","Moderately influenced","Private dwellings occupied by usual residents, 2021","","0","units","0","","14.8.3","0","","","","0"
"2021","Nunavut","2021A000262","Weakly influenced","Population, 2021","","0","units","0","","14.9.1","0","","","","0"
"2021","Nunavut","2021A000262","Weakly influenced","Total private dwellings, 2021","","0","units","0","","14.9.2","0","","","","0"
"2021","Nunavut","2021A000262","Weakly influenced","Private dwellings occupied by usual residents, 2021","","0","units","0","","14.9.3","0","","","","0"
"2021","Nunavut","2021A000262","Not influenced","Population, 2021","","0","units","0","","14.10.1","0","","","","0"
"2021","Nunavut","2021A000262","Not influenced","Total private dwellings, 2021","","0","units","0","","14.10.2","0","","","","0"
"2021","Nunavut","2021A000262","Not influenced","Private dwellings occupied by usual residents, 2021","","0","units","0","","14.10.3","0","","","","0"
"2021","Nunavut","2021A000262","Territories","Population, 2021","","0","units","0","","14.11.1","36858","","","","0"
"2021","Nunavut","2021A000262","Territories","Total private dwellings, 2021","","0","units","0","","14.11.2","11720","","","","0"
"2021","Nunavut","2021A000262","Territories","Private dwellings occupied by usual residents, 2021","","0","units","0","","14.11.3","9926","","","","0"


